date,visits
2022-11-21,26
2022-11-22,44
2022-11-23,24
2022-11-24,9
2022-11-25,9
2022-11-26,4
2022-11-27,11
2022-11-28,42
2022-11-29,38
2022-11-30,88
2022-12-01,98
2022-12-02,31
2022-12-03,8
2022-12-04,10
2022-12-05,41
2022-12-06,33
2022-12-07,40
2022-12-08,33
2022-12-09,35
2022-12-10,5
2022-12-11,5
2022-12-12,38
2022-12-13,35
2022-12-14,53
2022-12-15,38
2022-12-16,45
2022-12-17,9
2022-12-18,4
2022-12-19,36
2022-12-20,29
2022-12-21,24
2022-12-22,26
2022-12-23,15
2022-12-24,9
2022-12-25,11
2022-12-26,3
2022-12-27,13
2022-12-28,17
2022-12-29,9
2022-12-30,17
2022-12-31,9
2023-01-01,6
2023-01-02,10
2023-01-03,40
2023-01-04,71
2023-01-05,41
2023-01-06,41
2023-01-07,12
2023-01-08,11
2023-01-09,36
2023-01-10,47
2023-01-11,57
2023-01-12,52
2023-01-13,40
2023-01-14,10
2023-01-15,8
2023-01-16,16
2023-01-17,42
2023-01-18,52
2023-01-19,33
2023-01-20,24
2023-01-21,7
2023-01-22,4
2023-01-23,39
2023-01-24,59
2023-01-25,68
2023-01-26,50
2023-01-27,31
2023-01-28,6
2023-01-29,10
2023-01-30,80
2023-01-31,46
2023-02-01,34
2023-02-02,25
2023-02-03,25
2023-02-04,5
2023-02-05,19
2023-02-06,28
2023-02-07,40
2023-02-08,15
2023-02-09,18
2023-02-10,28
2023-02-11,11
2023-02-12,9
2023-02-13,31
2023-02-14,37
2023-02-15,22
2023-02-16,20
2023-02-17,23
2023-02-18,4
2023-02-19,4
2023-02-20,12
2023-02-21,29
2023-02-22,11
2023-02-23,31
2023-02-24,22
2023-02-25,4
2023-02-26,3
2023-02-27,35
2023-02-28,20
2023-03-01,9
2023-03-02,12
2023-03-03,49
2023-03-04,17
2023-03-05,10
2023-03-06,113
2023-03-07,227
2023-03-08,88
2023-03-09,115
2023-03-10,74
2023-03-11,9
2023-03-12,16
2023-03-13,38
2023-03-14,78
2023-03-15,74
2023-03-16,39
2023-03-17,59
2023-03-18,16
2023-03-19,16
2023-03-20,67
2023-03-21,37
2023-03-22,82
2023-03-23,54
2023-03-24,47
2023-03-25,37
2023-03-26,14
2023-03-27,39
2023-03-28,77
2023-03-29,172
2023-03-30,83
2023-03-31,46
2023-04-01,6
2023-04-02,14
2023-04-03,44
2023-04-04,59
2023-04-05,83
2023-04-06,31
2023-04-07,36
2023-04-08,14
2023-04-09,5
2023-04-10,29
2023-04-11,26
2023-04-12,44
2023-04-13,25
2023-04-14,70
2023-04-15,13
2023-04-16,11
2023-04-17,23
2023-04-18,21
2023-04-19,32
2023-04-20,47
2023-04-21,37
2023-04-22,7
2023-04-23,6
2023-04-24,52
2023-04-25,40
2023-04-26,36
2023-04-27,24
2023-04-28,46
2023-04-29,9
2023-04-30,11
2023-05-01,24
2023-05-05,32
2023-05-06,5
2023-05-07,8
2023-05-08,33
2023-05-09,23
2023-05-10,29
2023-05-11,27
2023-05-12,35
2023-05-13,6
2023-05-14,10
2023-05-15,44
2023-05-16,78
2023-05-17,38
2023-05-18,56
2023-05-19,46
2023-05-20,15
2023-05-21,11
2023-05-22,36
2023-05-23,78
2023-05-24,49
2023-05-25,45
2023-05-26,34
2023-05-27,10
2023-05-28,6
2023-05-29,13
2023-05-30,59
2023-05-31,69
2023-06-01,65
2023-06-02,57
2023-06-03,10
2023-06-04,23
2023-06-05,10
2023-06-06,43
2023-06-07,33
2023-06-08,35
2023-06-09,58
2023-06-10,9
2023-06-11,19
2023-06-12,64
2023-06-13,78
2023-06-14,37
2023-06-15,44
2023-06-16,26
2023-06-17,6
2023-06-18,5
2023-06-19,31
2023-06-20,31
2023-06-21,26
2023-06-22,48
2023-06-23,24
2023-06-24,1
2023-06-25,5
2023-06-26,30
2023-06-27,35
2023-06-28,27
2023-06-29,23
2023-06-30,16
2023-07-01,8
2023-07-02,1
2023-07-03,21
2023-07-04,7
2023-07-05,29
2023-07-06,43
2023-07-07,30
2023-07-08,16
2023-07-09,12
2023-07-10,27
2023-07-11,18
2023-07-12,26
2023-07-13,12
2023-07-14,23
2023-07-15,7
2023-07-16,2
2023-07-17,26
2023-07-18,55
2023-07-19,11
2023-07-20,14
2023-07-21,14
2023-07-22,5
2023-07-23,2
2023-07-24,40
2023-07-25,18
2023-07-26,22
2023-07-27,26
2023-07-28,17
2023-07-29,5
2023-07-30,2
2023-07-31,27
2023-08-01,32
2023-08-02,20
2023-08-03,21
2023-08-04,44
2023-08-05,19
2023-08-06,5
2023-08-07,7
2023-08-08,32
2023-08-09,31
2023-08-10,27
2023-08-11,17
2023-08-12,5
2023-08-13,7
2023-08-14,28
2023-08-15,31
2023-08-16,20
2023-08-17,13
2023-08-18,9
2023-08-19,6
2023-08-20,7
2023-08-21,24
2023-08-22,30
2023-08-23,72
2023-08-24,25
2023-08-25,23
2023-08-26,3
2023-08-27,3
2023-08-28,32
2023-08-29,23
2023-08-30,22
2023-08-31,40
2023-09-01,23
